{
    "coefficients": [
        -1.114482198649029,
        -3.4550554597022467,
        0.38902642411993305,
        -0.7714274089644462,
        -0.519273068788651
    ],
    "intercept": 1.6845286143107878,
    "feature_names": [
        "payment_history_length",
        "on_time_payment_percentage",
        "average_invoice_size",
        "wallet_age",
        "transaction_count"
    ],
    "scaler": {
        "mean": [
            33.443,
            74.7597837573566,
            25545.38604271072,
            513.333,
            256.142
        ],
        "scale": [
            15.90203606460506,
            14.49151300259558,
            14115.267167561946,
            278.2433828701053,
            140.37956345565402
        ]
    }
}